URL,Product Name,Product Description,Average Rating,Number of Reviews
https://www.influenster.com/reviews/garnier-sleek-shine-intensely-smooth-leave-in-conditioning-cream,Garnier Sleek & Shine Intensely Smooth Leave-In Conditioning Cream,"Leave-in conditioning cream for up to 3 day sleek* *With shampoo, conditioner and leave-in cream",4.41,24090
https://www.influenster.com/reviews/head-shoulders-classic-clean-anti-dandruff-shampoo,Head & Shoulders Classic Clean Anti-Dandruff Shampoo,"Head & Shoulders® Classic Clean Shampoo is paraben free America’s #1 dandruff shampoo (*based on volume sales) Clinically proven to protect against flakes, itch, oil and dryness with regular use (**flakes and itch associated with dandruff; washes away oil & flakes) Clinically proven. Up to 100% dandruff protection. ( ***visible flakes, with regular use)",4.22,18437
https://www.influenster.com/reviews/pantene-daily-moisture-renewal-shampoo,Pantene Daily Moisture Renewal Shampoo,Daily Moisture Renewal Shampoo,4.26,16833
https://www.influenster.com/reviews/tresemme-silky-smooth-shampoo-for-frizzy-hair,Tresemme Silky & Smooth Shampoo for Frizzy Hair,"Looking for that high glam, smooth look? TRESemmé Silky & Smooth Shampoo for frizzy hair delivers intense, weightless moisturization where your hair needs it. This smoothing shampoo, infused with Morrocan Argan oil, helps cleanse hair while taming flyaways and frizz for silky smooth results. Free from Parabens, Mineral Oils, and DMDM Hydantoin. TRESemmé is proud to be a hair care brand approved by PETA (People for the Ethical Treatment of Animals).",4.3,14193
https://www.influenster.com/reviews/pantene-pro-v-smooth-sleek-shampoo-conditioner,Pantene Pro-V Smooth & Sleek Shampoo & Conditioner,"Smooth things over with this frizz-fighting collection. With Moroccan Argan Oil, this multitasking anti-frizz formula helps keep straight and wavy hair sleek and sexy all day - even in high humidity. The formula in this smoothing collection helps make damaged hair more manageable and smoothes fly-aways. Use it daily for hair that is touchably soft, visibly shiny, and noticeably healthier (vs. non-conditioning shampoo).",4.32,13372
https://www.influenster.com/reviews/ogx-beauty-coconut-milk-shampoo,Ogx Beauty Coconut Milk Shampoo,"This deliciously creamy and nourishing blend, infused with coconut milk, whipped egg proteins and coconut oils, helps to strengthen and hydrate your hair, leaving it softly scented, super soft and glowing.",4.42,10648
https://www.influenster.com/reviews/dove-nutritive-solutions-intensive-repair-shampoo,Dove Nutritive Solutions Intensive Repair Shampoo,"When it comes to healthy hair – caring for damage is key. Dove Intensive Repair System helps to nourish your hair, leaving it visibly repaired.",4.45,10393
https://www.influenster.com/reviews/garnier-sleek-shine-shampoo-61,Garnier Sleek & Shine Shampoo,,4.22,9468
https://www.influenster.com/reviews/garnier-repairing-shampoo-honey-treasures,Garnier Repairing Shampoo Honey Treasures,Repairing shampoo strengthens & heals damage,4.51,9289
https://www.influenster.com/reviews/loreal-paris-total-repair-5-repairing-shampoo,L'Oreal Paris Total Repair 5 Repairing Shampoo,Total Repair 5 Repairing Shampoo,4.46,9116
https://www.influenster.com/reviews/aussie-miracle-moist-shampoo,Aussie Miracle Moist Shampoo,Calling all dehydrated divas: our Mega Moist Shampoo is coming to rescue your mane with its gentle cleansing formula and super-smoothing ways.,4.44,8557
https://www.influenster.com/reviews/tresemme-purify-and-replenish-deep-cleansing-shampoo,TRESemmé Purify and Replenish Deep Cleansing Shampoo,"Purify for that just-left-the-salon feel with TRESemmé Purify & Replenish Deep Cleanse Shampoo, which will clarify and gently remove build-up and heavy residues that diminish your hair’s shine.",4.29,8279
https://www.influenster.com/reviews/pantene-repair-protect-shampoo,Pantene Repair & Protect Shampoo,"Fight Damage Every Wash. Formulated with powerful Pro-V nutrients and antioxidants, the nutrient-rich lather of Pantene Pro-V Repair & Protect Shampoo helps repair hair for 2x less breakage* and visibly shiny hair. Nourishing your hair from root to tip, give your hair the strength it deserves. *Shampoo & conditioner system vs. non-conditioning shampoo",4.31,8235
https://www.influenster.com/reviews/tresemme-rich-moisture-shampoo-for-dry-hair,Tresemme Rich Moisture Shampoo for Dry Hair,"Don't go a day without salon-quality hydrated hair! TRESemmé Rich Moisture Shampoo for dry hair is formulated with amino acids and ceramide to deliver intense hydration to dry strands, leaving tresses with a beautiful, healthy shine. This moisturizing shampoo with hyaluronic acid and vitamin E is ideal for dry, parched hair in need of nourishment. Free from Parabens, Mineral Oils, and DMDM Hydantoin.TRESemmé is proud to be a hair care brand approved by PETA (People for the Ethical Treatment of Animals).",4.37,7577
https://www.influenster.com/reviews/tresemme-keratin-smooth-infusing-shampoo,TRESemmé Keratin Smooth Infusing Shampoo,Want to control unmanageable locks? Looking for the perfect product to smooth and tame your frizz? Step up TRESemmé Keratin Smooth. TRESemmé Keratin Smooth brings frizz calming innovation to the fore to give you up to 48 hours of frizz control. Infused with Keratin for hair that’s silky smooth but still full of natural movement.,4.38,7270
https://www.influenster.com/reviews/dove-daily-moisture-shampoo,Dove Daily Moisture Shampoo,"Get hair that looks up to 5x smoother with dove daily moisture shampoo & conditioner system vs. Non-conditioning  • helps protect normal hair from daily wear and tear • system nourishes to make hair softer and 5x smoother vs. Non-conditioning shampoo • leaves your hair feeling silky and manageable every day • progressively nourishes, leaving hair healthier in the long run • formulated with pro-moisture complex • suitable for daily use Daily grooming, styling and sun exposure are just a few of the things that contribute to everyday wear and tear on our hair. But getting silky hair may not be as difficult as it seems: did you know that with the right moisturizing shampoo, you can help protect your hair and keep it soft and manageable every day? We’ve created the dove daily moisture system to help moisturize, nourish and protect, giving you softer hair that’s up to 5x smoother vs. Non-conditioning shampoo after the very first wash. The unique formulation with pro-moisture complex smoothes and progressively nourishes deep inside, helping to make your hair healthier wash after wash. Apply dove daily moisture shampoo to wet hair, lather and rinse. For the best results, follow with dove daily moisture conditioner.    Ingredients: Water (aqua), sodium laureth sulfate, glycol distearate, cocamidopropyl betaine, sodium chloride, fragrance (parfum), glycerin, dimethicone, dimethiconol, acrylates/beheneth-25 methacrylate copolymer, styrene/acrylates copolymer, guar hydroxypropyltrimonium chloride, citric acid, tetrasodium edta, amodimethicone, dmdm hydantoin, peg-45m, tea-dodecylbenzenesulfonate, cocamide mea, lysine hcl, arginine, peg-9m, cetrimonium chloride, ppg-9, propylene glycol, methylchloroisothiazolinone, methylisothiazolinone, mica (ci 77019), titanium dioxide (ci 77891), yellow 5 (ci 19140), red 33 (ci 17200).",4.39,6704
https://www.influenster.com/reviews/pureology-hydrate-shampoo,Pureology Hydrate Shampoo,"Gently cleanse dry hair without stripping color with this sulfate-free, concentrated moisturizing shampoo for dry hair that soothes with its signature aromatherapy blend of ylang ylang, bergamot and patchouli scents.   How To Use: Apply a quarter-sized amount to wet hair and lather. Rinse. Repeat if necessary. For best results, follow with Hydrate Condition.   Ingredients: AQUA / WATER / EAU, SODIUM COCOYL ISETHIONATE, DISODIUM LAURETH SULFOSUCCINATE, SODIUM LAURYL SULFOACETATE, SODIUM LAUROYL SARCOSINATE, COCAMIDOPROPYL BETAINE, GLYCOL DISTEARATE, GLYCERETH-26, DECYL GLUCOSIDE, SODIUM ISETHIONATE, COCONUT ACID, PARFUM / FRAGRANCE, PPG-5-CETETH-20, DIVINYLDIMETHICONE/DIMETHICONE COPOLYMER, POLYQUATERNIUM-7, SODIUM CHLORIDE, AMODIMETHICONE, POLYQUATERNIUM-10, PROPYLENE GLYCOL, PEG-55 PROPYLENE GLYCOL OLEATE, CARBOMER, LINALOOL, C11-15 PARETH-7, BENZOIC ACID, LAURETH-9, GLYCERIN, LIMONENE, TRIDECETH-12, GERANIOL, BENZYL ALCOHOL, SODIUM BENZOATE, MAGNESIUM NITRATE, C12-13 PARETH-23, C12-13 PARETH-3, PHENOXYETHANOL, SODIUM ACETATE, SALICYLIC ACID, HYDROXYPROPYLTRIMONIUM HYDROLYZED WHEAT PROTEIN, WHEAT AMINO ACIDS, HYDROLYZED VEGETABLE PROTEIN PG-PROPYL SILANETRIOL, ISOPROPYL ALCOHOL, CI 60730 / EXT. VIOLET 2, METHYLCHLOROISOTHIAZOLINONE, HYDROLYZED SOY PROTEIN, SORBIC ACID, MAGNESIUM CHLORIDE, METHYLISOTHIAZOLINONE, CITRIC ACID, BENZOPHENONE-4, POTASSIUM SORBATE, DISODIUM EDTA, HELIANTHUS ANNUUS SEED OIL / SUNFLOWER SEED OIL, TOCOPHERYL ACETATE, ASCORBIC ACID, BUTYLENE GLYCOL, HELIANTHUS ANNUUS SEED EXTRACT / SUNFLOWER SEED EXTRACT, CAMELLIA SINENSIS LEAF EXTRACT, MELANIN, PENTYLENE GLYCOL, ROSA CENTIFOLIA EXTRACT / ROSA CENTIFOLIA FLOWER EXTRACT, TOCOPHEROL, ETHYLHEXYLGLYCERIN, ALOE BARBADENSIS EXTRACT / ALOE BARBADENSIS LEAF EXTRACT, SODIUM HYDROXIDE",4.66,6336
https://www.influenster.com/reviews/herbal-essences-hello-hydration-moisturizing-shampoo,Herbal Essences Hello Hydration Moisturizing Shampoo,"Herbal Essences Hello Hydration moisturizing shampoo’s coconut essences and moisture-rich system will leave your hair feeling pampered. The creamy formula will have you saying goodbye to dry hair and hello to hydration. Herbal Essences Hello Hydration Moisturizing Shampoo has no parabens, gluten or mineral oil Creamy notes of coconut essences Delivers a deep clean with rich hydration Deep moisture system leaves hair feeling soft and silky Gentle enough for daily use, color-safe and pH-balanced Ingredients: Water, Sodium Lauryl Sulfate, Sodium Laureth Sulfate, Cocamidopropyl Betaine, Glycol Distearate, Zea Mays (Corn) Silk Extract, Orchis Mascula Flower Extract, Cocos Nucifera (Coconut) Fruit Extract, Sodium Citrate, Cocamide MEA, Sodium Xylenesulfonate, Fragrance, Dimethicone, Citric Acid, Sodium Benzoate, Polyquaternium 76, Sodium Chloride, Tetrasodium EDTA, Methylchloroisothiazolinone, Methylisothiazolinone, Blue 1",4.36,6282
https://www.influenster.com/reviews/pantene-smooth-sleek-shampoo,Pantene Smooth & Sleek Shampoo,Smooth & Sleek Shampoo,4.28,6224
https://www.influenster.com/reviews/tresemme-anti-breakage-strengthening-shampoo,TRESemmé Anti-Breakage Strengthening Shampoo,"Made with elatin and vitamin B12, TRESemmé® Anti-Breakage Strengthing Shampoo restores and revitalizes weak hair with the nourishment it needs to look healthy and feel strong.",4.22,5797
https://www.influenster.com/reviews/tresemme-keratin-smooth-shampoo-45,TRESemmé Keratin Smooth Shampoo,"¿Quieres tener un cabello suave, liso y fácil de peinar? TRESemmé Keratin Smooth Shampoo está fórmulado para dejar tu cabello hermosamente liso y con control contra el frizz. Fragancia: Seductor compuesto floral adornado con frutas jugosas y delicioso praliné.",4.36,5649
https://www.influenster.com/reviews/head-and-shoulders-green-apple-daily-use-anti-dandruff-paraben-free-shampoo-321-fl-oz,"Head and Shoulders Green Apple Daily-Use Anti-Dandruff Paraben Free Shampoo, 32.1 fl oz","- Head & Shoulders® Green Apple Shampoo is paraben free - America’s #1 dermatologist-recommended dandruff shampoo (*based on volume sales) - Clinically proven to protect against flakes, itch, oil and dryness with regular use (*flakes and itch associated with dandruff; washes away oil & flakes) Restorative mo Detailed information on Head & Shoulders ingredients",4.4,5378
https://www.influenster.com/reviews/herbal-essences-smooth-collection-shampoo,Herbal Essences Smooth Collection Shampoo,"The Herbal Essences smooth collection shampoo uses an infused blend of Vitamin E, rose hips and jojoba extracts to give you smooth, silky and shiny hair. Prepared from silicone-free natural extracts, this Herbal Essences shampoo is ideal for all hair types. Herbal Essences Smooth Collection Shampoo has 0% silicones or mineral oil Infused blend of rose hips, vitamin E and jojoba extracts Revives hair’s natural shine Formulated to deliver a smooth, beautiful look Gentle enough for daily use, color-safe and pH-balanced Ingredients :  Water/Eau, Sodium Laureth Sulfate, Sodium Lauryl Sulfate, Cocamidopropyl Betaine, Citric Acid, Rosa Canina Fruit Extract, Tocopheryl Acetate, Simmondsia Chinensis (Jojoba) Seed Extract, Sodium Citrate, Sodium Xylenesulfonate, Fragrance/Parfum, Cocamide Mea, Sodium Chloride, Sodium Benzoate, Tetrasodium Edta, Peg-60 Almond Glycerides, Linoleamidopropyl Pg-dimonium Chloride Phosphate, Guar Hydroxypropyltrimonium Chloride, Methylchloroisothiazolinone, Methylisothiazolinone, Red 33, Orange 4, Ext. Violet 2, Green 3.",4.57,5239
https://www.influenster.com/reviews/head-shoulders-smooth-silky-anti-dandruff-shampoo,Head & Shoulders Smooth & Silky Anti-Dandruff Shampoo,"Head & Shoulders Smooth & Silky Shampoo controls frizz for 24 hours Smooth & Silky Shampoo has the vibrant scent of fresh fruit and elegant florals Leaves hair intensely moisturized and up to 100% flake-free* (*visible flakes; with regular use) Smooth & Silky Shampoo is color safe** (**shampoo & conditioner system vs. non-conditioning shampoo) Clinically proven. Up to 100% dandruff protection.*** ( ***visible flakes, with regular use)",4.42,5155
https://www.influenster.com/reviews/suave-keratin-infusion-smoothing-shampoo,Suave Keratin Infusion Smoothing Shampoo,"Descubre nuestro champú suavizante Suave Professionals® Keratin Infusion Smoothing Shampoo con menor cantidad de sulfatos, que limpia y sella las cutículas del cabello.",4.33,5088
https://www.influenster.com/reviews/ogx-beauty-biotin-collagen-shampoo,Ogx Beauty Biotin & Collagen Shampoo,Help thicken and texturize any hair type with just one use. This powerful formula helps volumize even the skinniest strands into fuller and more abundant looking locks.,4.44,5058
https://www.influenster.com/reviews/hair-food-manuka-honey-apricot-shampoo,Hair Food Manuka Honey & Apricot Shampoo,"Hair Food Moisture Shampoo is inspired by pampering and relaxing ingredients to hydrate and condition the hair. Moisture Shampoo is designed for system use with the Moisture Conditioner. Use together for luxurious moisture and nourishment for healthy looking hair that shines Uniquely infused with honey and apricot fragrance Moisture Shampoo provides a luxurious, rich lather Silicone Free Paraben Free Mineral Oil Free",4.24,4926
https://www.influenster.com/reviews/tresemme-24-hour-volumizing-shampoo-for-fine-hair-32,Tresemme 24 Hour Volumizing Shampoo for Fine Hair,"Give your hair a volumizing boost! TRESemmé 24 Hour Volumizing Shampoo for fine hair helps maintain salon-quality, all day volume and bounce, without weight. This volumizing shampoo, infused with a vitamin blend and silk proteins, helps keep hair from falling flat thanks to our Pro Style Technology™ and Collagen and Peptide Complex™. Free from Parabens, Mineral Oils, and DMDM Hydantoin. TRESemmé is proud to be a hair care brand approved by PETA (People for the Ethical Treatment of Animals).",4.3,4853
https://www.influenster.com/reviews/garnier-smoothing-treat-1-minute-hair-mask-avocado-extract,Garnier Smoothing Treat 1 Minute Hair Mask + Avocado Extract,"For Frizzy Hair Smoothing Treat 1 Minute Hair Mask + Avocado Extract helps you get soft, smooth hair.",4.51,4735
https://www.influenster.com/reviews/shimmer-lights-purple-shampoo-for-blonde-silver-hair,Shimmer Lights Purple Shampoo for Blonde & Silver Hair,"Clairol SHIMMER LIGHTS Shampoo Blonde & Silver is an award-winning, protein-enriched color enhancing shampoo that tones down brassiness on blonde or gray hair. Key Benefits: Refreshes faded highlights, removes the dull yellow in gray hair and leaves hair shiny without residue For Balanced Brunettes: Use to tone down brassiness on multi-tonal color and/or highlighted hair for a balanced finish For Blondes: Use to maintain brightness on natural and/or highlighted hair For Shades of Gray: Maintains a cool-effect on color-treated, modern gray shades For Gray/Silver Enhancing: Blends, enhances and compliments natural grays or sliver hair This product contains an active violet dye. When overused, particularly on very porous, dry and/or damaged hair, there can be an over deposit of color. For a purple/smoky effect, you can wait 5-10 minutes before rinsing",4.34,4541
https://www.influenster.com/reviews/joico-k-pak-shampoo-77,Joico K-PAK Shampoo,"To say that K-PAK shampoo “cleanses your hair,” is like saying a Chanel coat “keeps you warm.” Sure, it gets the grime out… but it also turns your cleansing into the first step of a reconstruction process specifically designed for hair that’s been put through the ringer. Whether the culprit is overzealous thermal styling or harsh chemical services, our star shampoo actually restores hair’s original condition, measurably increasing strength, and giving it a cloak of protection to fend off future damage.   Perfect Choice For:  Fine hair (thanks to its low-molecular weight), as well as coarse, thick strands (thanks to a cream-based formula that’s rich and substantial).   Here’s How:  No rocket science here… just shampoo, rinse, and repeat, if you like. (We know you’ll like.) Follow with K-PAK Conditioner for a great hair treat!   The Inside Secret:  Think of our formula as a missile on a mission. This hair healer goes right to the damaged areas of the cuticle, instantly filling in those lost amino acids, and restoring elasticity, strength and shine with a powerful combination of our best antioxidant, Bio-Advanced Peptide Complex; plus Keratin Silicone, Vitamin E, and Aloe.",4.57,4508
https://www.influenster.com/reviews/loreal-paris-moisture-sulfate-free-shampoo-for-dry-hair,L'Oreal Paris Moisture Sulfate Free Shampoo for Dry Hair,Moisture Sulfate Free Shampoo for Dry Hair,4.41,4505
https://www.influenster.com/reviews/jamaican-black-castor-oil-strengthen-restore-shampoo-16oz,Jamaican Black Castor Oil Strengthen & Restore Shampoo 16oz,"Jamaican Black Castor SheaMoisture Oil Strengthen Restore Shampoo - 16 oz. Revive and nourish hair that has weakened with our sulfate-free SheaMoisture shampoo infused with nourishing Jamaican Black Castor Oil. As a clarifying shampoo, it removes buildup from hair products, creating a nice, rich lather that cleanses both hair and scalp without stripping much-needed moisture. In fact, this shampoo infuses hair with nourishing moisture from oils, organic Shea Butter and botanicals. SheaMoisture Strengthen and Restore is a great solution for those who regularly color, straighten, perm or heat style their hair. It's especially good for naturally wavy, curly and kinky hair styles that require constant moisture, even during the cleansing step. Jamaican Black Castor Oil also helps keep hair follicles strong, so hair can grow and shedding is reduced.",4.59,4376
https://www.influenster.com/reviews/loreal-paris-color-vibrancy-intensive-protecting-shampoo,L'Oreal Paris Color Vibrancy Intensive Protecting Shampoo,Color Vibrancy Intensive Protecting Shampoo,4.43,4297
https://www.influenster.com/reviews/coconut-hibiscus-curl-shine-shampoo-trial-travel-size,Coconut & Hibiscus Curl & Shine Shampoo - Trial & Travel Size,"SheaMoisture’s Coconut & Hibiscus Curl & Shine Shampoo Trial & Travel Size is a natural, gentle, sulfate-free cleanser that leaves your hair gorgeously shiny! Enriched with natural ingredients to hydrate and protect dry, damaged curls, this shampoo is a pick-me-up product which will take care of all your wavy, curly hair woes! This Curl & Shine Shampoo from SheaMoisture is a hydrating hair care treatment made from Coconut Oil which helps replenish lost oil and protects hair from further damage. Hibiscus Flower Extract is a natural emollient which soothes and smooths distressed waves and curls while Silk Protein works on making your hair gloriously silky. Neem Oil is effective in taming frizz and imparting a brilliant shine. Certified Organic Shea Butter used in this rich formulation makes your curls so soft and smooth that you will look forward to washing your hair! SheaMoisture’s Coconut & Hibiscus Curl & Shine Shampoo Trial & Travel Size is the perfect on-the-go size to ensure you have beautiful, shining curls all the time!",4.46,4293
https://www.influenster.com/reviews/head-shoulders-itchy-scalp-care-anti-dandruff-shampoo,Head & Shoulders Itchy Scalp Care Anti-Dandruff Shampoo,"Head & Shoulders® Itchy Scalp Care Shampoo is paraben free America’s #1 dermatologist-recommended dandruff shampoo (*based on volume sales) Relieves multiple symptoms including flakes, itch, oil and dryness with regular use (*flakes and itch associated with dandruff; washes away oil & flakes) Clinically proven. Up to 100% dandruff protection.** ( **visible flakes, with regular use)",4.37,4196
https://www.influenster.com/reviews/tea-tree-special-shampoo,Tea Tree Special Shampoo,"Ordinary shampoos need not apply! Get a head start every morning and experience the refreshing tingle of Tea Tree Special Shampoo®. Our #1 best-selling shampoo contains special ingredients and tea tree oil to help wash away impurities leaving hair fresh, c",4.67,4190
https://www.influenster.com/reviews/live-clean-apple-cider-detox-shampoo-12-oz-bottle,"Live Clean Apple Cider Detox Shampoo, 12 oz. Bottle","Live Clean Apple Cider Detox Shampoo uses a vegan formula to gently cleanse and purify your hair. Made with apple cider vinegar, it's the perfect weekly deep cleansing shampoo to rid your hair of residue build-up caused by styling products. It's also the ideal daily shampoo and clarifier for oily hair. This shampoo is 98% plant-based, vegan, not tested on animals and free from parabens, sulfates and harmful chemicals. Includes one 12 oz. bottle of Live Clean Apple Cider Detox Shampoo. Founded in 2007, the Live Clean brand was created with a simple vision: to create high-performance skin and hair care products that celebrated beauty while honoring the earth. We believe that living clean isn't just about what we eat, but it's also about the products and ingredients we put on our bodies. Live Clean products harness the beautifying power in plant-based ingredients for gentle and effective products that are safe for you and the environment. One 12 oz. bottle of Live Clean Apple Cider Detox Shampoo; Made with apple cider vinegar to gently cleanse and clarify hair; Vegan and 98% plant-based; Free of parabens, sulfates and harmful chemicals; Cruelty-free and not tested on animals",4.37,4173
https://www.influenster.com/reviews/herbal-essences-biorenew-refresh-blue-ginger-micellar-water-shampoo-135-fl-oz,Herbal Essences Bio:Renew Refresh Blue Ginger & Micellar Water Shampoo - 13.5 fl oz,"Refresh flat, limp hair with Herbal Essences Blue Ginger & Micellar Water Shampoo. Our real botanicals are endorsed by Royal Botanic Gardens, Kew, a leading expert on plants. This silicone-free shampoo, with real botanicals, helps volumize and lift hair from root to tip. Crafted with our signature blend of real botanicals, Blue Ginger & Micellar Water Shampoo helps refresh for radiant, beautiful hair. Color-safe and pH-balanced, this shampoo cleanses while infusing notes of ginger, floral bouquets and clean musk into your hairâ€”leaving it full of volume. Lather, rinse and repeat with ease knowing your shampoo is silicone-free, paraben-free and colorant-free, and made with at least 90% natural-origin ingredients.* *Purified water and natural-source ingredient materials with limited processing. VOLUMIZE HAIR: Herbal Essences Blue Ginger & Micellar Water Shampoo cleanses and refreshes for volumized hair REAL BOTANICALS ENDORSED BY KEW: The real botanicals in this formula have been endorsed by the Royal Botanic Gardens, Kew THE SCENT EXPERIENCE: Multilayered scents of ginger, floral bouquets and clean musk OUR NO, NO, NO LIST: Our Blue Ginger & Micellar Water Shampoo is silicone-free, paraben-free and dye-free COLOR-SAFE & pH-BALANCED: Our color-safe and pH-balanced shampoos are crafted to be safe on color-treated hair",4.35,4156
https://www.influenster.com/reviews/tresemme-revitalize-color-shampoo-for-color-treated-hair-14,Tresemme Revitalize Color Shampoo for Color Treated Hair,"Help your hair color last and maintain its vibrancy! Infused with sunflower seed oil and Hibiscus Essence™, TRESemmé Revitalize Color Shampoo for color-treated hair gently cleanses and protects each dyed strand, leaving your colored hair with lasting vibrancy. Free from Parabens, Mineral Oils, and DMDM Hydantoin.TRESemmé is proud to be a hair care brand approved by PETA (People for the Ethical Treatment of Animals).",4.34,4131
https://www.influenster.com/reviews/suave-shampooconditioner-rosemary-mint-twin-pack-252oz,Suave Shampoo/Conditioner Rosemary Mint Twin Pack 25.2oz,Find hair care products at Target.com! Moisturize and restore your hair with this suave rosemary mint shampoo and conditioner set. It is formulated for all hair types and is gentle enough to use every day.,4.27,4003
https://www.influenster.com/reviews/garnier-fructis-strength-repair-shampoo,Garnier Fructis Strength & Repair Shampoo,"Garnier Fructis Color Shield offers complete defense for colored hair. Boosts vibrancy, shine, and softness and preserves fresh color hair for up to 8 weeks! Defends against wash-out, fade-out & dry-out so fresh vibrant color lasts longer. Treats hair with camellia oil, açai berry antioxidant and UV filters, our Complete Defense system helps restore hair's power to keep color looking & feeling fresher for longer.",4.11,3995
https://www.influenster.com/reviews/joico-color-balance-purple-shampoo-59,Joico Color Balance Purple Shampoo,"Stay true to your color with Joico's color balance purple shampoo for long lasting, vibrant color while protecting your hair's natural health. Perfect choice for blonde's, this unique color correcting formula preserves the cool tone in your hair and keeps brassiness at bay. Containing the most beneficial ingredients and striving to keep constantly up-to-date with technology, Joico upholds its reputation of being the leader in beauty innovation. Joico gives you the power to transform hair and transform people.",4.53,3932
https://www.influenster.com/reviews/matrix-brass-off-blue-shampoo-25,Matrix Brass Off Blue Shampoo,Total Results Brass Off Shampoo neutralizes brassy tones while refreshing your hair with cool tones. Best for brunettes that lighten their hair.,4.62,3844
https://www.influenster.com/reviews/loreal-paris-brass-toning-purple-sulfate-free-shampoo,L'Oreal Paris Brass Toning Purple Sulfate Free Shampoo,Brass Toning Purple Sulfate Free Shampoo,4.32,3785
https://www.influenster.com/reviews/loreal-paris-extraordinary-clay-shampoo,L'Oreal Paris Extraordinary Clay Shampoo,Extraordinary Clay Shampoo,4.32,3758
https://www.influenster.com/reviews/no-4-bond-maintenancetm-shampoo,No. 4 Bond Maintenance™ Shampoo,"Which hair type is it good for?✔ Straight✔ Wavy✔ Curly✔ Coiled✔ Tightly CoiledWhat it is:A highly moisturizing, reparative shampoo that leaves hair easy to manage, shiny, and healthier with each use. Key benefits:- Repairs and maintains bonds within the hair - Eliminates frizz and flyaways- Reduces breakageIf you want to know more… This shampoo repairs and protects hair from everyday stresses—including damaged hair, split ends, and frizz—by re-linking broken bonds. No.4 is color-safe and proven to reduce breakage and strengthen all types of hair. This product is an Allure Best of Beauty award winner. Clean at SephoraClean at Sephora is formulated without a list of over 50 ingredients, including sulfates (SLS and SLES), parabens, phthalates, and more. For the full list, check out the Ingredients tab.",4.74,3705
https://www.influenster.com/reviews/head-shoulders-dry-scalp-care-with-almond-oil-anti-dandruff-2-in-1,Head & Shoulders Dry Scalp Care with Almond Oil Anti-Dandruff 2-in-1,"Head & Shoulders® Dry Scalp Care 2-In-1 is paraben free Relieves symptoms including flakes, itch, oil and dryness with regular use (*flake and itch associated with dandruff; washes away oil & flakes) Restores the scalp’s natural moisture balance Clinically proven. Up to 100% dandruff protection.** ( **visible flakes, with regular use)",4.34,3610
https://www.influenster.com/reviews/garnier-sleek-shine-moroccan-sleek-oil-treatment,Garnier Sleek & Shine Moroccan Sleek Oil Treatment,"Hair oil for instant sleek* *With shampoo, conditioner and leave-in treatment",4.43,3547
https://www.influenster.com/reviews/pantene-pro-v-classic-clean-shampoo-201-fl-oz,Pantene Pro-V Classic Clean Shampoo - 20.1 fl oz,"Pantene Pro-V Classic Clean Shampoo gives hair a gentle clean and healthy shine from the very first wash. Suitable for all hair types, Pantene Pro-V Classic Clean Shampoo fuels hair with active Pro-V nutrients, tested by the Swiss Vitamin Institute, to strengthen strands, leaving it beautifully soft and healthy-looking. Pantene Pro-V Classic Clean Shampoo provides balanced nourishment for normal to mixed hair to bring out hair’s natural radiance and shine, without the weight. Free from silicones, mineral oils and colourants, it’ll leave hair free-flowing and easy to manage. For best results, follow up this gentle cleanse with Pantene Pro-V Classic Clean Conditioner and treatments.",4.3,3494
https://www.influenster.com/reviews/jamaican-black-castor-oil-bentonite-clay-shampoo-bar,Jamaican Black Castor Oil Bentonite Clay Shampoo Bar,"A completely new experience for hair! This mineral-rich shampoo bar absorbs excess oils and lifts away impurities while providing a gentle cleansing, rich lather. Unique curved edges make direct application to root and scalp easy. Jamaican Black Castor Oil blends with Rhassoul clay to develop this nourishing, natural shampoo bar that provides hydration, softening damaged curls and coils. Leaves hair looking and feeling healthy. Format is ideal for travel.",4.33,3304
https://www.influenster.com/reviews/suave-keratin-infusion-dry-shampoo,Suave Keratin Infusion Dry Shampoo,"El refrescante champú seco Suave Professionals® contiene queratina y absorbe los aceites, para limpiar tu cabello y dejarlo fresco, suave y dócil entre lavados.",4.19,3228
https://www.influenster.com/reviews/suave-naturals-tropical-coconut-shampoo,Suave® Naturals Tropical Coconut Shampoo,Suave Naturals Tropical Coconut Shampoo: Say yes to beautiful without paying the price With coconut extract and vitamin E Family size,4.06,3220
https://www.influenster.com/reviews/pureology-strength-cure-shampoo-55,Pureology Strength Cure Shampoo,"Gentle, concentrated and sulfate free, Strength Cure Shampoo for damaged hair helps fortify micro-scarred color-treated hair and provides a velvety-soft finish, while the soothing blend of lavender, honey, peach and vanilla consume the senses.   How To Use: Apply a quarter-sized amount to wet hair and lather. Rinse. Repeat if necessary. For best results, follow with Strength Cure Condition.   Ingredients: AQUA/WATER/EAU, SODIUM COCOYL ISETHIONATE, SODIUM LAURYL SULFOACETATE, DISODIUM LAURETH SULFOSUCCINATE, SODIUM LAUROYL SARCOSINATE, COCO-BETAINE, GLYCOL DISTEARATE, GLYCERETH-26, DECYL GLUCOSIDE, PARFUM/FRAGRANCE, SODIUM ISETHIONATE, COCONUT ACID, PPG-5-CETETH-20, DIVINYLDIMETHICONE/DIMETHICONE COPOLYMER, POLYQUATERNIUM-7, AMODIMETHICONE, CARBOMER, ACRYLATES COPOLYMER, POLYQUATERNIUM-10, PEG-55 PROPYLENE GLYCOL OLEATE, PROPYLENE GLYCOL, C11-15 PARETH-7, BENZOIC ACID, LAURETH-9, GLYCERIN, TOCOPHEROL, OLEA EUROPAEA OIL/OLIVE FRUIT OIL, CAMELINA SATIVA OIL/CAMELINA SATIVA SEED OIL, TRIDECETH-12, HELIANTHUS ANNUUS SEED EXTRACT/SUNFLOWER SEED EXTRACT, SODIUM BENZOATE, C12-13 PARETH-23, BENZYL ALCOHOL, COUMARIN, GERANIOL, C12-13 PARETH-3, HYDROLYZED VEGETABLE PROTEIN PG-PROPYL SILANETRIOL, ARGININE, 2-OLEAMIDO-1,3-OCTADECANEDIOL, POLY(LINSEED OIL), BENZOPHENONE-4, CI 14700/RED 4, METHYLCHLOROISOTHIAZOLINONE, HAEMATOCOCCUS PLUVIALIS/ HAEMATOCOCCUS PLUVIALIS EXTRACT, METHYLISOTHIAZOLINONE, CAPRYLIC/CAPRIC TRIGLYCERIDE, MELANIN, CI 15510/ORANGE 4, Astaxanthin, ROSMARINUS OFFICINALIS LEAF EXTRACT/ROSEMARY LEAF EXTRACT, SODIUM HYDROXIDE, CITRIC ACID",4.69,3143
https://www.influenster.com/reviews/tresemme-moisture-rich-shampoo-conditioner-value-pack,TRESemme Moisture Rich Shampoo & Conditioner Value Pack,"Uniquely formulated with vitamin E and natural extracts of sunflower, TRESemme Moisture Rich Shampoo & Conditioner system delivers salon-style hair at an affordable price. The formula delivers optimized hydration that targets dryness and locks in moisture where your hair needs it most. Created for daily use, this advanced moisturizing system with vitamin E helps restore vibrancy and makes dry, damaged hair soft without weighing it down. Formula is designed for optimized hydration; Used by professional hairdressers at salons; Ensures soft, shiny, healthy-looking hair; Includes shampoo and conditioner (40 oz.)",4.26,3143
https://www.influenster.com/reviews/suave-professionals-almond-shea-butter-moisturizing-shampoo-126-fl-oz,Suave Professionals Almond & Shea Butter Moisturizing Shampoo - 12.6 fl oz,"Obtén más información sobre nuestro champú humectante Almond + Shea Butter Moisturizing Shampoo, que reconstituye a medida que limpia, dejando tu cabello nutrido y hermoso.",4.19,3095
https://www.influenster.com/reviews/head-shoulders-paraben-free-dry-scalp-care-shampoo,Head & Shoulders Paraben Free Dry Scalp Care Shampoo,"- Head & Shoulders® Dry Scalp Care Shampoo is paraben free - America’s #1 dermatologist-recommended dandruff shampoo (*based on volume sales) - Relieves symptoms including flakes, itch, oil and dryness with regular use (*flake and itch associated with dandruff; washes away oil & flakes) Detailed information on Head & Shoulders ingredients",4.46,3080
https://www.influenster.com/reviews/suave-professionals-rosemary-mint-shampoo-126-fl-oz,Suave Professionals Rosemary + Mint Shampoo - 12.6 fl oz,"Descubre cómo nuestro champú tonificante Rosemary Mint Shampoo limpia suavemente y aumenta la docilidad del cabello, dejándolo suave y brillante.",4.25,3040
https://www.influenster.com/reviews/pantene-curl-perfection-shampoo,Pantene Curl Perfection Shampoo,"24HR Definition and Moisture. Get the gentle cleansing and nourishment your natural curls need with Pantene Pro-V Curl Perfection Shampoo. This moisturizing shampoo for curly hair is infused with a Frizz Calming Complex which helps smooth cuticle edges to define curls and control frizz, even allowing you to air dry your way to your perfect curls. It leaves hair bouncy, manageable, shiny and feeling moisturized",4.37,3028
https://www.influenster.com/reviews/loreal-paris-elvive-extraordinary-oil-shampoo,L'Oréal Paris Elvive Extraordinary Oil Shampoo,"For dry, lifeless hair. Eliminates dryness in just 1 wash.* Deep nourishment without the weight. L'Oréal Paris Extraordinary Oil Shampoo hydrates and nourishes to transform dry, lifeless hair to soft and lustrous in just one wash with our Expert Extraordinary hair oil system. Hair is sumptuously soft, lightweight, and brilliantly shiny. For best results, use L'Oréal Paris Extraordinary Oil shampoo and conditioner together. When using the complete system of shampoo, conditioner and treatment Packaging may vary. L'Oreal Paris Hair Expert is now L'Oreal Paris Elvive. New look, same amazing formula. Ingredients: Aqua / Water / EAU Sodium Laureth Sulfate Coco-betaine Laureth-5 Carboxylic Acid Cocamide Mipa Sodium Chloride Isostearyl Neopentanoate Parfum / Fragrance Polyquaternium-10 Amodimethicone Sodium Benzoate Hexylene Glycol PEG-55 Propylene Glycol Oleate Propylene Glycol PEG-60 Hydrogenated Castor Oil Salicylic Acid Caprylic/Capric Triglyceride Sodium Hydroxide Arginine",4.4,2941
https://www.influenster.com/reviews/briogeo-scalp-revivaltm-charcoal-coconut-oil-micro-exfoliating-shampoo-scalp-scrub,Briogeo Scalp Revival™ Charcoal + Coconut Oil Micro-Exfoliating Shampoo | Scalp Scrub,"WARNING: This product is for Recharge Subscriptions use only, do not publish or delete this product. Customers will not see this message.",4.38,2912
https://www.influenster.com/reviews/herbal-essences-totally-twisted-conditioner-117-fl-oz,Herbal Essences Totally Twisted Conditioner - 11.7 fl oz,"Itâ€™s all about those curls, girls! Herbal Essences Totally Twisted shampoo is specially formulated to help define your curls. And itâ€™s a great frizz fighter. Its moisture-rich formula helps to protects your hair from humidity all day. Hereâ€™s one more twist â€“ youâ€™re going to love its juicy, berry-fresh scent. It is paraben free, mineral oil free, dermatologist tested and certified cruelty free by PETA. Pairs well with Herbal Essences Totally Twisted Conditioner. And it comes to you in a 100% recyclable bottle*. Check out our fan favorite Herbal Essences Totally-Twisted Mousse for weightless, touchable curls! *excluding cap DEFINE CURLS: Specially formulated to help define curls while being color safe & pH balanced. FRIZZ FIGHTER: Helps to Protect hair against humidity all day DERMATOLOGIST TESTED: This shampoo & body wash was tested by experts to be safe on skin so you can enjoy the same great scent on your hair and body wash! REVEL IN LUSH AROMAS: Juicy notes of wild berry essences PAIRS WITH: Herbal Essences Totally Twisted Conditioner and our fan favorite Herbal Essences Totally Twisted Mousse!",4.43,2887
https://www.influenster.com/reviews/herbal-essences-color-me-happy-shampoo-for-color-treated-hair,Herbal Essences Color Me Happy Shampoo For Color Treated Hair,"Herbal Essences Color Me Happy shampoo for colored hair has a romantic Moroccan rose scent and a color-protecting formula to help your hair feel radiant, fresh, and irresistible. It replenishes softness and enhances shine to help keep your color looking fresh. Herbal Essences Color Me Happy Shampoo for Color-Treated Hair has 0% parabens, silicones, gluten or mineral oil Luxurious notes of rose essences Offers color care for touchable, radiant hair Gentle enough for daily use, color-safe and pH-balanced Ingredients: Water, Sodium Laureth Sulfate, Sodium Lauryl Sulfate, Cocamidopropyl Betaine, Citric Acid, Passiflora Incarnata Flower Extract, Zea Mays (Corn) Silk Extract, Rosa Centifolia Flower Extract, Fragrance, Sodium Citrate, Sodium Xylenesulfonate, Cocamide MEA, Sodium Chloride, Sodium Benzoate, Tetrasodium EDTA, Guar Hydroxypropyltrimonium Chloride, Linoleamidopropyl PG Dimonium Chloride Phosphate, Methylchloroisothiazolinone, Methylisothiazolinone, Red 33, Red 4, Yellow 10",4.38,2886
https://www.influenster.com/reviews/redken-color-extend-blondage-color-depositing-purple-shampoo-62,Redken Color Extend Blondage Color Depositing Purple Shampoo,"<!--td {border: 1px solid #ccc;}br {mso-data-placement:same-cell;}--> Color Extend Blonde Conditioner has ultra violet pigment and Triple Acid Protein complex to tone, strengthen and brighten all in one for a brighter*, stronger** blonde. The light purple conditioner helps detangle and smooth processed blonde hair or to condition natural blonde while keeping your color protected and bright. AWARD: 2019 Allure Best of Beauty best conditioner for color treated hair",4.67,2880
https://www.influenster.com/reviews/pantene-pro-v-ultimate-10-shampoo,Pantene Pro-V Ultimate 10 Shampoo,"10 in 1 multi-tasker that repairs, smooths, boosts shine & more: 1)     Repair for Rough Hair 2)     Strength Against Damage 3)     Silky Softness 4)     Brilliant Shine 5)     Smoothing 6)     Moisture 7)     Frizz Control 8)     Heat Protection 9)     Manageability 10)     Tamed Flyaways Clinically Proven Healthier Hair with Every Wash* *shampoo and conditioner system vs. non-conditioning shampoo USAGE: WHO: Great for all hair types that are prone to manageability concerns.  Formula infuses hair with needed moisture. WHEN: Daily to give hair a dose of nourishment. HOW: Lather into wet hair; repeat if you want to. Follow with Ultimate 10 Conditioner and BB Crème before styling. Ingredients: Water, Sodium Lauryl Sulfate, Sodium Laureth Sulfate, Cocamidopropyl Betaine, Glycol Distearate, Dimethicone, Sodium Citrate, Cocamide Mea, Sodium Xylenesulfonate, Fragrance, Citric Acid, Sodium Benzoate, Polyquaternium-76, Sodium Chloride, Tetrasodium Edta, Trisodium Ethylenediamine Disuccinate, Panthenol, Panthenyl Ethyl Ether, Methylchloroisothiazolinone, Methylisothiazolinone",4.4,2860
https://www.influenster.com/reviews/carols-daughter-wash-day-delight-sulfate-free-shampoo-for-curly-hair,Carol's Daughter Wash Day Delight Sulfate Free Shampoo For Curly Hair,"Carol's Daughter Wash Day Delight Micellar shampoo with Aloe for hair transforms from a water to a gentle foam lather for a deep clean quickly without stripping or harsh friction to help cut down time on wash day. Perfect for curly hair and coily hair, our targeted applicator helps the liquid formula instantly flow through hair providing easy scalp access and quickly rinses clean. Sulfate free shampoo transforms from a liquid into a gentle foam lather without harsh friction and effortlessly works throughout, minimizing tangles. Sulfate free shampoo for curly hair with Micellar Water acts like a magnet to attract and lift away buildup for a thorough hair and scalp cleanse without stripping hair. The Wash Day Delight Recipe - 98 percent naturally derived ingredients, blended with Aloe for hair - sulfate free, silicone free, paraben free, no artificial colors, vegan formula - see disclaimer. Cleanses Hair Quickly Reduces Time to Detangle Hair Doesn't Strip Hair",4.31,2860
https://www.influenster.com/reviews/ogx-extra-strength-hydrate-repair-argan-oil-of-morocco-shampoo,OGX Extra Strength Hydrate + Repair Argan Oil of Morocco Shampoo,"Indulge your hair with this creamy lather, made with repairing silk proteins and hydrating argan oil. It will help restore your hair while locking in intense moisture to create silky, perfect strands. HOW TO USE Apply shampoo generously to wet hair, massage into a lather through to ends, then rinse the hair thoroughly. After shampooing, follow with conditioner. Warning: Avoid contact with eyes. If contact occurs rinse immediately. For best results use in conjunction with other INGREDIENTS Water (Aqua), Sodium C14-16 Olefin Sulfonate, Cocamidopropyl Betaine, Glycol Distearate, PPG-2 Hydroxyethyl Coco/Isostearamide, Argania Spinosa (Argan) Kernel Oil, Silk Amino Acids, Dimethicone, Amodimethicone, Glycerin, Cocamidopropyl Hydroxysultaine, Guar Hydroxypropyltrimonium Chloride, Sodium Cocoyl Isethionate, Cetrimonium Chloride, Laureth-4, Laureth-23, Polyquaternium-6, Polyquaternium-10, PEG-120 Methyl Glucose Dioleate, Methyl Gluceth-10, Trideceth-12, Sodium Chloride, Citric Acid, DMDM Hydantoin, Diazolidinyl Urea, Iodopropynyl Butylcarbamate, Fragrance (Parfum), Red 40, (CI 16035), Yellow 5 (CI 19140). While we strive to keep ingredient lists on this website as accurate as possible, we cannot guarantee that these lists are complete, reliable, and up-to-date. Please refer to the ingredients list on the product packaging for the most accurate list of ingredients.",4.44,2847
https://www.influenster.com/reviews/head-shoulders-instant-oil-control-2-in-1,Head & Shoulders Instant Oil Control 2-in-1,"- Head & Shoulders Instant Oil Control Anti-Dandruff 2 in 1 removes oil to leave your scalp clean and refreshed. - Multi-symptom relief offers proven protection from flakes, itch* and dryness. (*flakes and itch associated with dandruff) - Convenient 2 in 1 formula controls hair and scalp oils while cleansing and hydrating. - Bright mango and citrus essences leave hair smelling fresh and clean. - Clinically proven. Up to 100% dandruff protection.** ( **visible flakes, with regular use) Detailed information on Head & Shoulders ingredients",4.37,2845
https://www.influenster.com/reviews/garnier-smoothing-shampoo-with-coconut-oil-cocoa-butter-extracts-54,Garnier Smoothing Shampoo with Coconut Oil & Cocoa Butter Extracts,Smoothing shampoo tames & controls frizzy hair,4.53,2800
https://www.influenster.com/reviews/redken-color-extend-shampoo,Redken Color Extend Shampoo,An award-winning shampoo for color treated hair that maximizes color vibrancy while strengthening hair with daily shampooing. This shampoo makes haircolor last longer and will protect it from harsh environmental conditions. Gently cleanses and strengthens Repels UVA/UVB rays and other environmental aggressors and provides anti-fade protection to optimize color durability and retention Keeps haircolor radiant with mirror-like shine AWARDS: 2015 New Beauty Choice Award 2014 Readers' Choice Shampoo for Color-Treated Hair,4.51,2772
https://www.influenster.com/reviews/biolage-ultra-hydrasource-shampoo-for-dry-hair,Biolage Ultra HydraSource Shampoo for Dry Hair,"Inspired by the aloe plant that never seems to dry, Biolage Professional Hydra Source Shampoo helps optimize moisture balance for healthy looking hair. Provides 72 hours of intense moisture & frizz control.",4.63,2758
https://www.influenster.com/reviews/garnier-nourishing-treat-1-minute-hair-mask-coconut-extract,Garnier Nourishing Treat 1 Minute Hair Mask + Coconut Extract,"For Dry Hair Nourishing Treat 1 Minute Hair Mask + Coconut Extract helps you get soft, smooth & manageable hair.",4.49,2759
https://www.influenster.com/reviews/biolage-colorlast-shampoo,Biolage ColorLast Shampoo,"Color-treated hair can fade and lose its luster over time. Inspired by nature's fade-defying orchid, Biolage COLORLAST Shampoo helps maintain the color depth, tone and shine for vivid color-treated hair. Give her hair salon-vibrant color for up to 9 weeks*. *When using the system of COLORLAST shampoo and conditioner vs. a non-conditioning shampoo.",4.65,2751
https://www.influenster.com/reviews/suave-moroccan-infusion-shine-shampoo-96,Suave Moroccan Infusion Shine Shampoo,Ve cómo nuestro champú Moroccan Infusion Shine Shampoo le brinda a tu cabello un brillo visible.,4.4,2748
https://www.influenster.com/reviews/pantene-sheer-volume-shampoo-28,Pantene Sheer Volume Shampoo,Sheer Volume Shampoo,4.29,2690
https://www.influenster.com/reviews/herbal-essences-body-envy-volumizing-shampoo-338-fl-oz,Herbal Essences Body Envy Volumizing Shampoo - 33.8 fl oz,"Herbal Essences Body Envy volumizing shampoo’s bright citrusy scent and formula free from heavy buildup will help you feel uplifted. It leaves a lift in all the right places and rinses clean to leave you with lots of bounce for the ounce. Herbal Essences Body Envy Volumizing Shampoo has no parabens, silicones, gluten or mineral oil Bright notes of citrus Lightweight formula cleanses to deliver body and bounce to fine hair Lifts hair with no heavy buildup Gentle enough for daily use, color-safe and pH-balanced INGREDIENTS: Water/Eau, Sodium Lauryl Sulfate, Sodium Laureth Sulfate, Cocamidopropyl Betaine, Zea Mays (Corn) Silk Extract, Pearl Extract, Passiflora Laurifolia Flower Extract, Passiflora Quadrangularis Flower Extract, Passiflora Incarnata Flower Extract, Sodium Citrate, Sodium Xylenesulfonate, Fragrance/parfum, Sodium Chloride, Citric Acid, Sodium Benzoate, Hydroxypropyl Methylcellulose, Tetrasodium Edta, Methylchloroisothiazolinone, Methylisothiazolinone, Yellow 5, Yellow 10.",4.13,2670
https://www.influenster.com/reviews/tresemme-flawless-curls-shampoo-with-coconut-oil,Tresemme Flawless Curls Shampoo with Coconut Oil,"""For manageable and gorgeous curls and waves, salon-quality TRESemmé Flawless Curls Shampoo with Pro Style Technology™ for curly hair nourishes and strengthens to detangle hair and tame frizz. This curl shampoo with coconut oil, created specifically for curly hair, provides maximum hydration by targeting dryness and boosting moisture. Free from Parabens, Mineral Oils, and DMDM Hydantoin. TRESemmé is proud to be a hair care brand approved by PETA (People for the Ethical Treatment of Animals).",4.33,2666
https://www.influenster.com/reviews/dove-nutritive-solutions-anti-frizz-oil-therapy-shampoo,Dove Nutritive Solutions Anti-Frizz Oil Therapy Shampoo,"With a blend of Nutri-Oils, this moisturizing system controls frizz and deeply nourishes your hair for 100% smoothness.",4.32,2650
https://www.influenster.com/reviews/repair-protect-7-shampoo,Repair & Protect 7 Shampoo,"Formulado con biotina, el sistema Repair & Protect 7 se encarga al instante del daño visible y ayuda a reparar la fibra capilar desde adentro. El resultado: cabello visiblemente más fuerte, sano y manejable, listo para el peinado.",4.37,2626
https://www.influenster.com/reviews/not-your-mothers-way-to-grow-long-strong-shampoo-19,Not Your Mother's® Way To Grow Long & Strong Shampoo,"Remember the princess in the tower with the long, golden locks? Well, now you can let down your own hair because of Way to Grow. Made with essential vitamins, herbs and bioactive extracts, this salon formula will have your hair stronger, healthier and in turn, longer by the time prince charming comes for you!",4.36,2577
https://www.influenster.com/reviews/moroccanoil-hydrating-shampoo-250ml-94,Moroccanoil Hydrating Shampoo 250mL,Moroccanoil Hydrating Shampoo 250mL,4.59,2526
https://www.influenster.com/reviews/loreal-paris-extraordinary-oil-more-than-shampoo,L'Oreal Paris Extraordinary Oil More Than Shampoo,"Cleanses like a shampoo, cares like a mask. A shampoo with a mask-like texture ultra-concentrated in nutritive lipids. They assimilate instantly into the dry parts of the fibre for targeted care that remains, even when rinsed. Dry hair is lastingly cleansed and intensely nourished with no weigh-down.",4.36,2505
https://www.influenster.com/reviews/aussie-mega-moist-2-in-1-shampoo-conditioner,Aussie Mega Moist 2-in-1 Shampoo + Conditioner,Perfect for dry hair in need of hydration. Itâ€™s also great for all hair types. â€¢ Moisturize â€¢ Strengthen â€¢ Soften,4.49,2503
https://www.influenster.com/reviews/raw-shea-butter-moisture-retention-shampoo,Raw Shea Butter Moisture Retention Shampoo,Moisturize & Cleanse,4.45,2468
https://www.influenster.com/reviews/aussie-aussome-volume-shampoo,Aussie Aussome Volume Shampoo,"Perfect for flat hair in need of a lift. It’s also great for all hair types. • Boost  • Lift  • Moisturize If you’re ready to take your hair to new heights this volumizing shampoo is the one for you.  With a touch of Australian Aloe, this big body volumizing shampoo formula is sure to add some oomph to your ‘do. Directions: This shampoo is a big deal. Work through wet hair, rinse and follow with Aussome Volume Conditioner for hugely aussome results. Ingredients: Water/Eau, Sodium Lauryl Sulfate, Sodium Laureth Sulfate, Cocamidoproyl Betaine, Fragrance/Parfum, Sodium Citrate, Sodium Xylenesulfonate, Sodium Chloride, Citric Acid, Sodium Benzote, Hydroxypropyl Methylcellulose, Tetrasodium Edta, Aloe Barbadensis Leaf extract, Ecklonia Radiata Extract, Simmondsia Chinensis (Jojoba) Seed Oil, Methylchloroisothiazolinone, Methylisothiazolinone, Yellow 5, Red 33",4.24,2423
https://www.influenster.com/reviews/aussie-total-miracle-7n1-shampoo,Aussie Total Miracle 7N1 Shampoo,Perfect for dry or damaged hair in need of a totally miraculous overhaul. â€¢ Moisturize â€¢ Control Frizz â€¢ Smooth,4.51,2414
https://www.influenster.com/reviews/pantene-pro-v-beautiful-lengths-shampoo,Pantene Pro-V Beautiful Lengths Shampoo,"Shampoo cleanses and fortifies strands against breakage so you can grow hair as long as you want. Longer. Stronger. Faster. Cleanse and nourish your strands while fortifying against breakage so you can grow your hair longer. Clinically Proven Healthier Hair with Every Wash. USAGE: WHO: Great for longer hair that is prone to premature breakage. Gentle enough for chemically relaxed, pressed, or natural African-American hair. WHEN: Daily, to give hair a dose of nourishment HOW: Lather into wet hair; repeat if you want to. Follow with Beautiful Lengths Conditioner for moisturized, beautiful hair. Ingredients Water, Sodium Lauryl Sulfate, Sodium Laureth Sulfate, Cocamidopropyl Betaine, Glycol Distearate, Dimethicone, Sodium Citrate, Cocamide Mea, Sodium Xylenesulfonate, Fragrance, Citric Acid, Sodium Benzoate, Polyquaternium-76, Sodium Chloride, Tetrasodium Edta, Trisodium Ethylenediamine Disuccinate, Panthenol, Panthenyl Ethyl Ether, Methylchloroisothiazolinone, Methylisothiazolinone",4.4,2412
https://www.influenster.com/reviews/mbib-gold-series-moisture-boost-shampoo,Mbib Gold Series Moisture Boost Shampoo,Gold Series Moisture Boost Shampoo,4.44,2369
https://www.influenster.com/reviews/african-black-soap-bentonite-clay-shampoo-bar,African Black Soap Bentonite Clay Shampoo Bar,"A completely new experience for hair! This mineral-rich shampoo bar absorbs excess oils and lifts away impurities while providing a gentle cleansing, rich lather. Unique curved edges make direct application to root and scalp easy. African Black Soap blends with Bentonite Clay, eliminating dirt and impurities to help sooth irritated scalp conditions. Format is ideal for travel.",4.44,2332
https://www.influenster.com/reviews/loreal-paris-fibralogy-shampoo-and-conditioner,L'Oréal Paris Fibralogy Shampoo and Conditioner,"A new science for hair fibre is born.  L’Oreal Paris Fibralogy haircare thickens hair wash after wash, and expands the diameter of the hair fibre for voluptuous-looking hair! Our breakthrough thickening haircare contains filloxane, an innovative molecule that penetrates the fibre and helps increase its diameter from within. Hair is thicker and feels fuller.",4.28,2303
https://www.influenster.com/reviews/nanoworks-gold-shampoo,Nanoworks Gold Shampoo,"Rich, transformative shampoo that renews softness, manageability, and shine to cleanse dull, aging color-treated hair.",4.54,2287
https://www.influenster.com/reviews/nexxus-therappe-ultimate-moisture-shampoo-for-normal-to-dry-hair,Nexxus Therappe Ultimate Moisture Shampoo for Normal to Dry Hair,Step 1: Shampoo (5.1 oz) for normal to dry hair replenishes hair fiber for Ultimate Moisture Salon crafted with Caviar & Protein Complex for 24-hour moisture Salon quality shampoo uses silicone-free formula Locks in moisture to unleash hair’s smoothness Treats hair with rehydrating essential nutrients and retains natural movement Helps restore flexibility to normal to dry hair,4.49,2271
https://www.influenster.com/reviews/dove-dryness-itch-relief-anti-dandruff-shampoo,Dove Dryness & Itch Relief Anti-Dandruff Shampoo,The solution that nourishes the scalp and relieves it from Irritation,4.45,2255
https://www.influenster.com/reviews/mane-n-tail-daily-control-anti-dandruff-shampoo-16-oz-31,Mane 'n Tail® Daily Control Anti-Dandruff Shampoo 16 oz.,Mane 'n Tail® Daily Control Anti-Dandruff shampoo helps prevent recurrence of flaking and itching associated with dandruff. For best results follow with Mane 'n Tail® Daily Control Anti-Dandruff Conditioner.,4.22,2240
https://www.influenster.com/reviews/strength-cure-blonde-shampoo,Strength Cure Blonde Shampoo,Deep purple shampoo that tones down brassiness and strengthens damaged hair.,4.63,2230
https://www.influenster.com/reviews/herbal-essences-argan-oil-of-morocco-shampoo,Herbal Essences Argan Oil Of Morocco Shampoo,"Repair Hair for Smoothness Herbal Essences Argan Oil of Morocco Shampoo is a specifically crafted shampoo for damaged hair, with naturally inspired ingredients to repair. Crafted with bio:renew, a signature blend of essential antioxidants, aloe and sea kelp Herbal Essences Argan Oil of Morocco shampoo with bio:renew brings your hair back to life in just 21 days Argan Oil of Morocco Shampoo has 0% parabens, gluten and colorants Shampoo that is color safe, nurtures and repairs hair Experience the multi-layered scents of fizzy citrus, exotic spices and creamy vanilla of Herbal Essences Argan Oil of Morocco shampoo For more stunning hair, use Argan Oil of Morocco Conditioner and Oil-Infused Crème with bio:renew Ingredients :  Water/Eau, Sodium Lauryl Sulfate, Sodium Laureth Sulfate, Cocamidopropyl Betaine, Glycol Distearate, Dimethicone, Fragrance/Parfum, Argania Spinosa Kernel Oil, Histidine, Aloe Barbadensis Leaf Juice, Ecklonia Radiata Extract, Sodium Citrate, Cocamide Mea, Sodium Xylenesulfonate, Citric Acid, Sodium Benzoate, Sodium Chloride, Guar Hydroxypropyltrimonium Chloride, Tetrasodium Edta, Polyquaternium-6, Methylchloroisothiazolinone, Methylisothiazolinone.",4.57,2183
https://www.influenster.com/reviews/redken-color-extend-magnetics-shampoo-300ml-47,Redken Color Extend Magnetics Shampoo 300mL,Redken Color Extend Magnetics Shampoo 300mL,4.57,2170
https://www.influenster.com/reviews/nexxus-color-assure-shampoo-for-colored-hair,Nexxus Color Assure Shampoo for Colored Hair,"Step 1: Color protecting shampoo (13.5 oz) replenishes nutrients for Vibrancy Retention Enriched with White Orchid Extract Salon shampoo follows on from Pre-Wash Primer, cleansing and nourishing hair Locks in color vibrancy and leaves hair radiant Color safe shampoo helps hair retain natural movement Designed for colored hair and infused with a conditioning polymer",4.26,2162
https://www.influenster.com/reviews/dove-nutritive-solutions-color-care-shampoo,Dove Nutritive Solutions Color Care Shampoo,"Created for colored hair, Dove Color Care Shampoo and Conditioner keeps your color vibrant for up to 8 weeks.",4.36,2115
https://www.influenster.com/reviews/maui-moisture-heal-hydrate-shea-butter-shampoo-10,Maui Moisture Heal & Hydrate + Shea Butter Shampoo,"Creamy shea butter is whipped into this hydrating shampoo blend along with rich coconut and macadamia oils help deeply quench, nourish, and soften strands to get your hair back to looking healthy.",4.44,2108
